lr-AdamW,step,valid/recon/sess0,valid/loss,valid/recon,valid/bps,valid/co_bps,valid/fp_bps,valid/r2,valid/wt_l2,valid/wt_l2/ramp,valid/wt_kl,valid/wt_kl/ic,valid/wt_kl/co,valid/wt_kl/ramp,valid/recon_smth,hp_metric,cur_epoch,hp/lr_init,hp/dropout_rate,hp/l2_ic_enc_scale,hp/l2_ci_enc_scale,hp/l2_gen_scale,hp/l2_con_scale,hp/kl_co_scale,hp/kl_ic_scale,hp/weight_decay,hp/cd_rate,epoch,train/recon/sess0,train/loss,train/recon,train/bps,train/co_bps,train/fp_bps,train/r2,train/wt_l2,train/wt_l2/ramp,train/wt_kl,train/wt_kl/ic,train/wt_kl/co,train/wt_kl/ramp
0.004,0,,,,,,,,,,,,,,,,,,,,,,,,,,,,,,,,,,,,,,,,
,0,1.0453007221221924,351395.375,1.0453007221221924,-1.0,-1.0,-1.0,nan,5.429002158052754e-06,1.0,34.09423065185547,3.2578325271606445,30.83639907836914,1.0,1.0467795133590698,1.0453007221221924,0.0,0.004000000189989805,0.019999999552965164,0.0,0.0,0.0010000000474974513,0.0010000000474974513,0.009999999776482582,0.009999999776482582,0.0,0.30000001192092896,0,,,,,,,,,,,,,
,0,,,,,,,,,,,,,,,,,,,,,,,,,,,0,1.0510613918304443,639742.25,1.0510613918304443,-1.0,-1.0,-1.0,nan,5.420565230451757e-06,1.0,62.923160552978516,3.3633079528808594,59.559852600097656,1.0
0.004,1,,,,,,,,,,,,,,,,,,,,,,,,,,,,,,,,,,,,,,,,
,1,1.0762951374053955,187033.5,1.0762951374053955,-1.0,-1.0,-1.0,nan,5.44224576515262e-06,1.0,17.627050399780273,3.028437852859497,14.598611831665039,1.0,1.0674405097961426,1.0762951374053955,1.0,0.004000000189989805,0.019999999552965164,0.0,0.0,0.0010000000474974513,0.0010000000474974513,0.009999999776482582,0.009999999776482582,0.0,0.30000001192092896,1,,,,,,,,,,,,,
,1,,,,,,,,,,,,,,,,,,,,,,,,,,,1,1.0442472696304321,340323.21875,1.0442472696304321,-1.0,-1.0,-1.0,nan,5.429002158052754e-06,1.0,32.988067626953125,3.257053852081299,29.73101234436035,1.0
0.004,2,,,,,,,,,,,,,,,,,,,,,,,,,,,,,,,,,,,,,,,,
,2,1.1025807857513428,85710.046875,1.1025807857513428,-1.0,-1.0,-1.0,nan,5.458611212816322e-06,1.0,7.468418121337891,2.622406244277954,4.846011638641357,1.0,1.092038631439209,1.1025807857513428,2.0,0.004000000189989805,0.019999999552965164,0.0,0.0,0.0010000000474974513,0.0010000000474974513,0.009999999776482582,0.009999999776482582,0.0,0.30000001192092896,2,,,,,,,,,,,,,
,2,,,,,,,,,,,,,,,,,,,,,,,,,,,2,1.0753825902938843,185965.171875,1.0753825902938843,-1.0,-1.0,-1.0,nan,5.44224576515262e-06,1.0,17.521129608154297,3.0342631340026855,14.48686695098877,1.0
0.004,3,,,,,,,,,,,,,,,,,,,,,,,,,,,,,,,,,,,,,,,,
,3,1.2536025047302246,67825.1484375,1.2536025047302246,-1.0,-1.0,-1.0,nan,5.477793365571415e-06,1.0,5.52890682220459,2.749717950820923,2.779189109802246,1.0,1.205133318901062,1.2536025047302246,3.0,0.004000000189989805,0.019999999552965164,0.0,0.0,0.0010000000474974513,0.0010000000474974513,0.009999999776482582,0.009999999776482582,0.0,0.30000001192092896,3,,,,,,,,,,,,,
,3,,,,,,,,,,,,,,,,,,,,,,,,,,,3,1.1065380573272705,88631.78125,1.1065380573272705,-1.0,-1.0,-1.0,nan,5.458611667563673e-06,1.0,7.75663423538208,2.630953311920166,5.125680923461914,1.0
0.004,4,,,,,,,,,,,,,,,,,,,,,,,,,,,,,,,,,,,,,,,,
,4,1.2593095302581787,57510.453125,1.2593095302581787,-1.0,-1.0,-1.0,nan,5.4972492762317415e-06,1.0,4.491730690002441,1.8343089818954468,2.657421827316284,1.0,1.2430566549301147,1.2593095302581787,4.0,0.004000000189989805,0.019999999552965164,0.0,0.0,0.0010000000474974513,0.0010000000474974513,0.009999999776482582,0.009999999776482582,0.0,0.30000001192092896,4,,,,,,,,,,,,,
,4,,,,,,,,,,,,,,,,,,,,,,,,,,,4,1.25505793094635,66576.203125,1.25505793094635,-1.0,-1.0,-1.0,nan,5.477792910824064e-06,1.0,5.402556419372559,2.6981799602508545,2.704376697540283,1.0
0.004,5,,,,,,,,,,,,,,,,,,,,,,,,,,,,,,,,,,,,,,,,
,5,1.138047218322754,51551.515625,1.138047218322754,-1.0,-1.0,-1.0,nan,5.5153814173536375e-06,1.0,4.017098426818848,1.4114309549331665,2.6056673526763916,1.0,1.1695500612258911,1.138047218322754,5.0,0.004000000189989805,0.019999999552965164,0.0,0.0,0.0010000000474974513,0.0010000000474974513,0.009999999776482582,0.009999999776482582,0.0,0.30000001192092896,5,,,,,,,,,,,,,
,5,,,,,,,,,,,,,,,,,,,,,,,,,,,5,1.259048342704773,57444.375,1.259048342704773,-1.0,-1.0,-1.0,nan,5.497248821484391e-06,1.0,4.485383987426758,1.857969045639038,2.6274147033691406,1.0
0.004,6,,,,,,,,,,,,,,,,,,,,,,,,,,,,,,,,,,,,,,,,
,6,0.9475075006484985,41231.56640625,0.9475075006484985,-1.0,-1.0,-1.0,nan,5.5333453019557055e-06,1.0,3.1756432056427,0.7207844257354736,2.4548590183258057,1.0,1.0141202211380005,0.9475075006484985,6.0,0.004000000189989805,0.019999999552965164,0.0,0.0,0.0010000000474974513,0.0010000000474974513,0.009999999776482582,0.009999999776482582,0.0,0.30000001192092896,6,,,,,,,,,,,,,
,6,,,,,,,,,,,,,,,,,,,,,,,,,,,6,1.1416150331497192,51498.71875,1.1416150331497192,-1.0,-1.0,-1.0,nan,5.5153814173536375e-06,1.0,4.008251190185547,1.4364651441574097,2.5717859268188477,1.0
0.004,7,,,,,,,,,,,,,,,,,,,,,,,,,,,,,,,,,,,,,,,,
,7,0.8606208562850952,34709.44921875,0.8606208562850952,-1.0,-1.0,-1.0,nan,5.550949026655871e-06,1.0,2.610318183898926,0.2400568127632141,2.3702616691589355,1.0,0.9066706895828247,0.8606208562850952,7.0,0.004000000189989805,0.019999999552965164,0.0,0.0,0.0010000000474974513,0.0010000000474974513,0.009999999776482582,0.009999999776482582,0.0,0.30000001192092896,7,,,,,,,,,,,,,
,7,,,,,,,,,,,,,,,,,,,,,,,,,,,7,0.9491584300994873,41505.0234375,0.9491584300994873,-1.0,-1.0,-1.0,nan,5.5333453019557055e-06,1.0,3.201338052749634,0.7518208622932434,2.449517250061035,1.0
0.004,8,,,,,,,,,,,,,,,,,,,,,,,,,,,,,,,,,,,,,,,,
,8,0.9365196824073792,35086.85546875,0.9365196824073792,-1.0,-1.0,-1.0,nan,5.567939751927042e-06,1.0,2.572160243988037,0.2715020179748535,2.3006584644317627,1.0,0.9275649785995483,0.9365196824073792,8.0,0.004000000189989805,0.019999999552965164,0.0,0.0,0.0010000000474974513,0.0010000000474974513,0.009999999776482582,0.009999999776482582,0.0,0.30000001192092896,8,,,,,,,,,,,,,
,8,,,,,,,,,,,,,,,,,,,,,,,,,,,8,0.8618369102478027,35037.46484375,0.8618369102478027,-1.0,-1.0,-1.0,nan,5.550949026655871e-06,1.0,2.64190411567688,0.2585239112377167,2.383380174636841,1.0
0.004,9,,,,,,,,,,,,,,,,,,,,,,,,,,,,,,,,,,,,,,,,
,9,0.7378026843070984,33316.61328125,0.7378026843070984,-1.0,-1.0,-1.0,nan,5.5844693633844145e-06,1.0,2.593853235244751,0.3806813359260559,2.2131717205047607,1.0,0.7947313785552979,0.7378026843070984,9.0,0.004000000189989805,0.019999999552965164,0.0,0.0,0.0010000000474974513,0.0010000000474974513,0.009999999776482582,0.009999999776482582,0.0,0.30000001192092896,9,,,,,,,,,,,,,
,9,,,,,,,,,,,,,,,,,,,,,,,,,,,9,0.9376153945922852,34961.73046875,0.9376153945922852,-1.0,-1.0,-1.0,nan,5.567939751927042e-06,1.0,2.5585522651672363,0.29196393489837646,2.2665882110595703,1.0
0.004,10,,,,,,,,,,,,,,,,,,,,,,,,,,,,,,,,,,,,,,,,
,10,0.6019468307495117,31834.0390625,0.6019468307495117,-1.0,-1.0,-1.0,nan,5.600931672233855e-06,1.0,2.581451416015625,0.32069462537765503,2.260756731033325,1.0,0.6597822308540344,0.6019468307495117,10.0,0.004000000189989805,0.019999999552965164,0.0,0.0,0.0010000000474974513,0.0010000000474974513,0.009999999776482582,0.009999999776482582,0.0,0.30000001192092896,10,,,,,,,,,,,,,
,10,,,,,,,,,,,,,,,,,,,,,,,,,,,10,0.7408180236816406,33803.21484375,0.7408180236816406,-1.0,-1.0,-1.0,nan,5.584468908637064e-06,1.0,2.639497995376587,0.40672969818115234,2.2327682971954346,1.0
0.004,11,,,,,,,,,,,,,,,,,,,,,,,,,,,,,,,,,,,,,,,,
,11,0.5238038301467896,28681.880859375,0.5238038301467896,-1.0,-1.0,-1.0,nan,5.617037913907552e-06,1.0,2.344378709793091,0.16177372634410858,2.182605028152466,1.0,0.5645973682403564,0.5238038301467896,11.0,0.004000000189989805,0.019999999552965164,0.0,0.0,0.0010000000474974513,0.0010000000474974513,0.009999999776482582,0.009999999776482582,0.0,0.30000001192092896,11,,,,,,,,,,,,,
,11,,,,,,,,,,,,,,,,,,,,,,,,,,,11,0.6030088067054749,31783.28515625,0.6030088067054749,-1.0,-1.0,-1.0,nan,5.6009312174865045e-06,1.0,2.5753140449523926,0.34439772367477417,2.2309162616729736,1.0
0.004,12,,,,,,,,,,,,,,,,,,,,,,,,,,,,,,,,,,,,,,,,
,12,0.4461442828178406,27050.130859375,0.4461442828178406,-1.0,-1.0,-1.0,nan,5.632875399896875e-06,1.0,2.2588629722595215,0.05093603953719139,2.2079269886016846,1.0,0.4816802144050598,0.4461442828178406,12.0,0.004000000189989805,0.019999999552965164,0.0,0.0,0.0010000000474974513,0.0010000000474974513,0.009999999776482582,0.009999999776482582,0.0,0.30000001192092896,12,,,,,,,,,,,,,
,12,,,,,,,,,,,,,,,,,,,,,,,,,,,12,0.5253177285194397,28733.794921875,0.5253177285194397,-1.0,-1.0,-1.0,nan,5.617037913907552e-06,1.0,2.3480560779571533,0.1818690001964569,2.166187047958374,1.0
0.004,13,,,,,,,,,,,,,,,,,,,,,,,,,,,,,,,,,,,,,,,,
,13,0.36513054370880127,26242.11328125,0.36513054370880127,-1.0,-1.0,-1.0,nan,5.6488947848265525e-06,1.0,2.259075164794922,0.08710579574108124,2.171969413757324,1.0,0.4000954329967499,0.36513054370880127,13.0,0.004000000189989805,0.019999999552965164,0.0,0.0,0.0010000000474974513,0.0010000000474974513,0.009999999776482582,0.009999999776482582,0.0,0.30000001192092896,13,,,,,,,,,,,,,
,13,,,,,,,,,,,,,,,,,,,,,,,,,,,13,0.4482284486293793,27275.96484375,0.4482284486293793,-1.0,-1.0,-1.0,nan,5.632875399896875e-06,1.0,2.279362440109253,0.06993722915649414,2.209425210952759,1.0
0.004,14,,,,,,,,,,,,,,,,,,,,,,,,,,,,,,,,,,,,,,,,
,14,0.2932627201080322,25915.39453125,0.2932627201080322,-1.0,-1.0,-1.0,nan,5.66530934520415e-06,1.0,2.2982709407806396,0.101763516664505,2.196507453918457,1.0,0.3253125250339508,0.2932627201080322,14.0,0.004000000189989805,0.019999999552965164,0.0,0.0,0.0010000000474974513,0.0010000000474974513,0.009999999776482582,0.009999999776482582,0.0,0.30000001192092896,14,,,,,,,,,,,,,
,14,,,,,,,,,,,,,,,,,,,,,,,,,,,14,0.36451056599617004,26619.83984375,0.36451056599617004,-1.0,-1.0,-1.0,nan,5.6488947848265525e-06,1.0,2.2974677085876465,0.11059390008449554,2.1868739128112793,1.0
0.004,15,,,,,,,,,,,,,,,,,,,,,,,,,,,,,,,,,,,,,,,,
,15,0.23679035902023315,24853.13671875,0.23679035902023315,-1.0,-1.0,-1.0,nan,5.68225823371904e-06,1.0,2.2485179901123047,0.07396266609430313,2.1745553016662598,1.0,0.26334699988365173,0.23679035902023315,15.0,0.004000000189989805,0.019999999552965164,0.0,0.0,0.0010000000474974513,0.0010000000474974513,0.009999999776482582,0.009999999776482582,0.0,0.30000001192092896,15,,,,,,,,,,,,,
,15,,,,,,,,,,,,,,,,,,,,,,,,,,,15,0.2929569184780121,25881.501953125,0.2929569184780121,-1.0,-1.0,-1.0,nan,5.665308890456799e-06,1.0,2.2951877117156982,0.1208403930068016,2.174347400665283,1.0
0.004,16,,,,,,,,,,,,,,,,,,,,,,,,,,,,,,,,,,,,,,,,
,16,0.19467413425445557,23664.73046875,0.19467413425445557,-1.0,-1.0,-1.0,nan,5.699214398191543e-06,1.0,2.171793222427368,0.059799954295158386,2.1119933128356934,1.0,0.21527600288391113,0.19467413425445557,16.0,0.004000000189989805,0.019999999552965164,0.0,0.0,0.0010000000474974513,0.0010000000474974513,0.009999999776482582,0.009999999776482582,0.0,0.30000001192092896,16,,,,,,,,,,,,,
,16,,,,,,,,,,,,,,,,,,,,,,,,,,,16,0.23790347576141357,24743.74609375,0.23790347576141357,-1.0,-1.0,-1.0,nan,5.68225823371904e-06,1.0,2.2364654541015625,0.08411960303783417,2.152345895767212,1.0
0.004,17,,,,,,,,,,,,,,,,,,,,,,,,,,,,,,,,,,,,,,,,
,17,0.16387858986854553,23502.546875,0.16387858986854553,-1.0,-1.0,-1.0,nan,5.716194209526293e-06,1.0,2.186370372772217,0.04819078370928764,2.1381795406341553,1.0,0.1792978048324585,0.16387858986854553,17.0,0.004000000189989805,0.019999999552965164,0.0,0.0,0.0010000000474974513,0.0010000000474974513,0.009999999776482582,0.009999999776482582,0.0,0.30000001192092896,17,,,,,,,,,,,,,
,17,,,,,,,,,,,,,,,,,,,,,,,,,,,17,0.1944185048341751,24273.29296875,0.1944185048341751,-1.0,-1.0,-1.0,nan,5.699214398191543e-06,1.0,2.232905149459839,0.07612285763025284,2.156782388687134,1.0
0.004,18,,,,,,,,,,,,,,,,,,,,,,,,,,,,,,,,,,,,,,,,
,18,0.1448308229446411,23857.17578125,0.1448308229446411,-1.0,-1.0,-1.0,nan,5.733035322919022e-06,1.0,2.2408809661865234,0.043769847601652145,2.197111129760742,1.0,0.15517091751098633,0.1448308229446411,18.0,0.004000000189989805,0.019999999552965164,0.0,0.0,0.0010000000474974513,0.0010000000474974513,0.009999999776482582,0.009999999776482582,0.0,0.30000001192092896,18,,,,,,,,,,,,,
,18,,,,,,,,,,,,,,,,,,,,,,,,,,,18,0.1633683294057846,23362.580078125,0.1633683294057846,-1.0,-1.0,-1.0,nan,5.716194209526293e-06,1.0,2.172883987426758,0.05735597014427185,2.115528106689453,1.0
0.004,19,,,,,,,,,,,,,,,,,,,,,,,,,,,,,,,,,,,,,,,,
,19,0.13174766302108765,23227.720703125,0.13174766302108765,-1.0,-1.0,-1.0,nan,5.749302999902284e-06,1.0,2.191018581390381,0.040407028049230576,2.150611639022827,1.0,0.13877463340759277,0.13174766302108765,19.0,0.004000000189989805,0.019999999552965164,0.0,0.0,0.0010000000474974513,0.0010000000474974513,0.009999999776482582,0.009999999776482582,0.0,0.30000001192092896,19,,,,,,,,,,,,,
,19,,,,,,,,,,,,,,,,,,,,,,,,,,,19,0.1448832005262375,23419.916015625,0.1448832005262375,-1.0,-1.0,-1.0,nan,5.733035777666373e-06,1.0,2.1971027851104736,0.05622773990035057,2.1408751010894775,1.0
0.004,20,,,,,,,,,,,,,,,,,,,,,,,,,,,,,,,,,,,,,,,,
,20,0.12722733616828918,22948.884765625,0.12722733616828918,-1.0,-1.0,-1.0,nan,5.765066816820763e-06,1.0,2.1676554679870605,0.0377788320183754,2.1298766136169434,1.0,0.1306915283203125,0.12722733616828918,20.0,0.004000000189989805,0.019999999552965164,0.0,0.0,0.0010000000474974513,0.0010000000474974513,0.009999999776482582,0.009999999776482582,0.0,0.30000001192092896,20,,,,,,,,,,,,,
,20,,,,,,,,,,,,,,,,,,,,,,,,,,,20,0.1313278079032898,23306.2578125,0.1313278079032898,-1.0,-1.0,-1.0,nan,5.749302545154933e-06,1.0,2.1992921829223633,0.0538465715944767,2.1454455852508545,1.0
0.004,21,,,,,,,,,,,,,,,,,,,,,,,,,,,,,,,,,,,,,,,,
,21,0.12371686846017838,22884.869140625,0.12371686846017838,-1.0,-1.0,-1.0,nan,5.780034825875191e-06,1.0,2.164764642715454,0.038854606449604034,2.1259100437164307,1.0,0.12580926716327667,0.12371686846017838,21.0,0.004000000189989805,0.019999999552965164,0.0,0.0,0.0010000000474974513,0.0010000000474974513,0.009999999776482582,0.009999999776482582,0.0,0.30000001192092896,21,,,,,,,,,,,,,
,21,,,,,,,,,,,,,,,,,,,,,,,,,,,21,0.12469152361154556,23005.556640625,0.12469152361154556,-1.0,-1.0,-1.0,nan,5.765066816820763e-06,1.0,2.175858497619629,0.05296598747372627,2.1228926181793213,1.0
0.004,22,,,,,,,,,,,,,,,,,,,,,,,,,,,,,,,,,,,,,,,,
,22,0.12234015762805939,23085.828125,0.12234015762805939,-1.0,-1.0,-1.0,nan,5.794214757770533e-06,1.0,2.18623685836792,0.036297090351581573,2.149939775466919,1.0,0.1233808845281601,0.12234015762805939,22.0,0.004000000189989805,0.019999999552965164,0.0,0.0,0.0010000000474974513,0.0010000000474974513,0.009999999776482582,0.009999999776482582,0.0,0.30000001192092896,22,,,,,,,,,,,,,
,22,,,,,,,,,,,,,,,,,,,,,,,,,,,22,0.12350821495056152,23312.703125,0.12350821495056152,-1.0,-1.0,-1.0,nan,5.780034825875191e-06,1.0,2.207756280899048,0.0532512366771698,2.1545050144195557,1.0
0.004,23,,,,,,,,,,,,,,,,,,,,,,,,,,,,,,,,,,,,,,,,
,23,0.12277527153491974,22740.85546875,0.12277527153491974,-1.0,-1.0,-1.0,nan,5.807562047266401e-06,1.0,2.1513044834136963,0.027057070285081863,2.1242473125457764,1.0,0.12295695394277573,0.12277527153491974,23.0,0.004000000189989805,0.019999999552965164,0.0,0.0,0.0010000000474974513,0.0010000000474974513,0.009999999776482582,0.009999999776482582,0.0,0.30000001192092896,23,,,,,,,,,,,,,
,23,,,,,,,,,,,,,,,,,,,,,,,,,,,23,0.1193959042429924,23130.068359375,0.1193959042429924,-1.0,-1.0,-1.0,nan,5.794214757770533e-06,1.0,2.1936051845550537,0.04885416850447655,2.1447510719299316,1.0
0.004,24,,,,,,,,,,,,,,,,,,,,,,,,,,,,,,,,,,,,,,,,
,24,0.12270917743444443,22219.40234375,0.12270917743444443,-1.0,-1.0,-1.0,nan,5.8202981563226786e-06,1.0,2.0992252826690674,0.018404832109808922,2.0808205604553223,1.0,0.12278351187705994,0.12270917743444443,24.0,0.004000000189989805,0.019999999552965164,0.0,0.0,0.0010000000474974513,0.0010000000474974513,0.009999999776482582,0.009999999776482582,0.0,0.30000001192092896,24,,,,,,,,,,,,,
,24,,,,,,,,,,,,,,,,,,,,,,,,,,,24,0.11878941208124161,23178.07421875,0.11878941208124161,-1.0,-1.0,-1.0,nan,5.807562502013752e-06,1.0,2.199012279510498,0.04134181886911392,2.157670497894287,1.0
0.004,25,,,,,,,,,,,,,,,,,,,,,,,,,,,,,,,,,,,,,,,,
,25,0.12148464471101761,22356.568359375,0.12148464471101761,-1.0,-1.0,-1.0,nan,5.832489478052594e-06,1.0,2.114166259765625,0.018341485410928726,2.095824718475342,1.0,0.12187430262565613,0.12148464471101761,25.0,0.004000000189989805,0.019999999552965164,0.0,0.0,0.0010000000474974513,0.0010000000474974513,0.009999999776482582,0.009999999776482582,0.0,0.30000001192092896,25,,,,,,,,,,,,,
,25,,,,,,,,,,,,,,,,,,,,,,,,,,,25,0.11857404559850693,22985.796875,0.11857404559850693,-1.0,-1.0,-1.0,nan,5.8202981563226786e-06,1.0,2.179999828338623,0.028100332245230675,2.151899576187134,1.0
0.004,26,,,,,,,,,,,,,,,,,,,,,,,,,,,,,,,,,,,,,,,,
,26,0.1193893700838089,22605.765625,0.1193893700838089,-1.0,-1.0,-1.0,nan,5.843592134624487e-06,1.0,2.141181230545044,0.018206892535090446,2.122974395751953,1.0,0.1201348528265953,0.1193893700838089,26.0,0.004000000189989805,0.019999999552965164,0.0,0.0,0.0010000000474974513,0.0010000000474974513,0.009999999776482582,0.009999999776482582,0.0,0.30000001192092896,26,,,,,,,,,,,,,
,26,,,,,,,,,,,,,,,,,,,,,,,,,,,26,0.11914481222629547,22805.39453125,0.11914481222629547,-1.0,-1.0,-1.0,nan,5.832489932799945e-06,1.0,2.161388874053955,0.029907021671533585,2.131481885910034,1.0
0.004,27,,,,,,,,,,,,,,,,,,,,,,,,,,,,,,,,,,,,,,,,
,27,0.11717791855335236,22920.267578125,0.11717791855335236,-1.0,-1.0,-1.0,nan,5.8539390010992065e-06,1.0,2.1748430728912354,0.02102537825703621,2.153817653656006,1.0,0.1180649995803833,0.11717791855335236,27.0,0.004000000189989805,0.019999999552965164,0.0,0.0,0.0010000000474974513,0.0010000000474974513,0.009999999776482582,0.009999999776482582,0.0,0.30000001192092896,27,,,,,,,,,,,,,
,27,,,,,,,,,,,,,,,,,,,,,,,,,,,27,0.11651231348514557,22976.689453125,0.11651231348514557,-1.0,-1.0,-1.0,nan,5.843592134624487e-06,1.0,2.1811506748199463,0.0268264040350914,2.1543242931365967,1.0
0.004,28,,,,,,,,,,,,,,,,,,,,,,,,,,,,,,,,,,,,,,,,
,28,0.1150849238038063,22831.52734375,0.1150849238038063,-1.0,-1.0,-1.0,nan,5.863588739885017e-06,1.0,2.1680619716644287,0.014612640254199505,2.153449296951294,1.0,0.11597894877195358,0.1150849238038063,28.0,0.004000000189989805,0.019999999552965164,0.0,0.0,0.0010000000474974513,0.0010000000474974513,0.009999999776482582,0.009999999776482582,0.0,0.30000001192092896,28,,,,,,,,,,,,,
,28,,,,,,,,,,,,,,,,,,,,,,,,,,,28,0.11614879965782166,22981.23828125,0.11614879965782166,-1.0,-1.0,-1.0,nan,5.853939455846557e-06,1.0,2.181969165802002,0.030676202848553658,2.1512930393218994,1.0
0.004,29,,,,,,,,,,,,,,,,,,,,,,,,,,,,,,,,,,,,,,,,
,29,0.11182719469070435,22632.189453125,0.11182719469070435,-1.0,-1.0,-1.0,nan,5.872707333764993e-06,1.0,2.15138578414917,0.012156412936747074,2.1392292976379395,1.0,0.1130727231502533,0.11182719469070435,29.0,0.004000000189989805,0.019999999552965164,0.0,0.0,0.0010000000474974513,0.0010000000474974513,0.009999999776482582,0.009999999776482582,0.0,0.30000001192092896,29,,,,,,,,,,,,,
,29,,,,,,,,,,,,,,,,,,,,,,,,,,,29,0.11142921447753906,22662.01953125,0.11142921447753906,-1.0,-1.0,-1.0,nan,5.863588739885017e-06,1.0,2.154766798019409,0.02536690980195999,2.1293997764587402,1.0
0.004,30,,,,,,,,,,,,,,,,,,,,,,,,,,,,,,,,,,,,,,,,
,30,0.10883276909589767,22507.5859375,0.10883276909589767,-1.0,-1.0,-1.0,nan,5.881572178623173e-06,1.0,2.1419198513031006,0.01196450088173151,2.129955291748047,1.0,0.1101047545671463,0.10883276909589767,30.0,0.004000000189989805,0.019999999552965164,0.0,0.0,0.0010000000474974513,0.0010000000474974513,0.009999999776482582,0.009999999776482582,0.0,0.30000001192092896,30,,,,,,,,,,,,,
,30,,,,,,,,,,,,,,,,,,,,,,,,,,,30,0.10947322100400925,22683.712890625,0.10947322100400925,-1.0,-1.0,-1.0,nan,5.872707333764993e-06,1.0,2.1588921546936035,0.023197749629616737,2.1356945037841797,1.0
0.004,31,,,,,,,,,,,,,,,,,,,,,,,,,,,,,,,,,,,,,,,,
,31,0.10674337297677994,22406.197265625,0.10674337297677994,-1.0,-1.0,-0.9252015948295593,nan,5.890037300559925e-06,1.0,2.1338703632354736,0.012065421789884567,2.12180495262146,1.0,0.10775178670883179,0.10674337297677994,31.0,0.004000000189989805,0.019999999552965164,0.0,0.0,0.0010000000474974513,0.0010000000474974513,0.009999999776482582,0.009999999776482582,0.0,0.30000001192092896,31,,,,,,,,,,,,,
,31,,,,,,,,,,,,,,,,,,,,,,,,,,,31,0.10713877528905869,22528.021484375,0.10713877528905869,-1.0,-1.0,-1.0,nan,5.881572178623173e-06,1.0,2.145657539367676,0.0229417085647583,2.122715950012207,1.0
0.004,32,,,,,,,,,,,,,,,,,,,,,,,,,,,,,,,,,,,,,,,,
,32,0.10336261987686157,22695.6015625,0.10336261987686157,-0.9318521618843079,-1.0,-0.8101709485054016,nan,5.898146810068283e-06,1.0,2.166191816329956,0.012852046638727188,2.1533398628234863,1.0,0.10467936843633652,0.10336261987686157,32.0,0.004000000189989805,0.019999999552965164,0.0,0.0,0.0010000000474974513,0.0010000000474974513,0.009999999776482582,0.009999999776482582,0.0,0.30000001192092896,32,,,,,,,,,,,,,
,32,,,,,,,,,,,,,,,,,,,,,,,,,,,32,0.10237596184015274,22505.951171875,0.10237596184015274,-1.0,-1.0,-0.9173113107681274,nan,5.890037300559925e-06,1.0,2.1482131481170654,0.02147693745791912,2.1267361640930176,1.0
0.004,33,,,,,,,,,,,,,,,,,,,,,,,,,,,,,,,,,,,,,,,,
,33,0.10192301124334335,22470.474609375,0.10192301124334335,-0.8212199211120605,-0.9074098467826843,-0.7339512705802917,nan,5.905971192987636e-06,1.0,2.145118474960327,0.010030435398221016,2.1350879669189453,1.0,0.10274991393089294,0.10192301124334335,33.0,0.004000000189989805,0.019999999552965164,0.0,0.0,0.0010000000474974513,0.0010000000474974513,0.009999999776482582,0.009999999776482582,0.0,0.30000001192092896,33,,,,,,,,,,,,,
,33,,,,,,,,,,,,,,,,,,,,,,,,,,,33,0.10108596831560135,22296.318359375,0.10108596831560135,-0.9343603849411011,-0.936772346496582,-0.817359209060669,nan,5.898146810068283e-06,1.0,2.1285400390625,0.021609658375382423,2.1069304943084717,1.0
0.004,34,,,,,,,,,,,,,,,,,,,,,,,,,,,,,,,,,,,,,,,,
,34,0.10107720643281937,21877.57421875,0.10107720643281937,-0.7464643120765686,-0.8340185284614563,-0.7342861294746399,nan,5.9134822549822275e-06,1.0,2.086674451828003,0.009491738863289356,2.0771827697753906,1.0,0.10157901793718338,0.10107720643281937,34.0,0.004000000189989805,0.019999999552965164,0.0,0.0,0.0010000000474974513,0.0010000000474974513,0.009999999776482582,0.009999999776482582,0.0,0.30000001192092896,34,,,,,,,,,,,,,
,34,,,,,,,,,,,,,,,,,,,,,,,,,,,34,0.09975609928369522,22314.025390625,0.09975609928369522,-0.8435669541358948,-0.8409259915351868,-0.7571483850479126,nan,5.905971192987636e-06,1.0,2.131640672683716,0.02144787833094597,2.1101927757263184,1.0
0.004,35,,,,,,,,,,,,,,,,,,,,,,,,,,,,,,,,,,,,,,,,
,35,0.10173460841178894,22226.5859375,0.10173460841178894,-0.7902759313583374,-0.9118685722351074,-0.767197847366333,nan,5.9205876823398285e-06,1.0,2.120917797088623,0.009502549655735493,2.111415147781372,1.0,0.10168793052434921,0.10173460841178894,35.0,0.004000000189989805,0.019999999552965164,0.0,0.0,0.0010000000474974513,0.0010000000474974513,0.009999999776482582,0.009999999776482582,0.0,0.30000001192092896,35,,,,,,,,,,,,,
,35,,,,,,,,,,,,,,,,,,,,,,,,,,,35,0.10012947767972946,22437.990234375,0.10012947767972946,-0.8585744500160217,-0.8817672729492188,-0.7618750333786011,nan,5.9134822549822275e-06,1.0,2.1436636447906494,0.017804302275180817,2.125859260559082,1.0
0.004,36,,,,,,,,,,,,,,,,,,,,,,,,,,,,,,,,,,,,,,,,
,36,0.10056468099355698,21833.607421875,0.10056468099355698,-0.6960020661354065,-0.8070048689842224,-0.7373687028884888,nan,5.927273832639912e-06,1.0,2.0827901363372803,0.007526240311563015,2.0752639770507812,1.0,0.10090165585279465,0.10056468099355698,36.0,0.004000000189989805,0.019999999552965164,0.0,0.0,0.0010000000474974513,0.0010000000474974513,0.009999999776482582,0.009999999776482582,0.0,0.30000001192092896,36,,,,,,,,,,,,,
,36,,,,,,,,,,,,,,,,,,,,,,,,,,,36,0.09878324717283249,22499.986328125,0.09878324717283249,-0.7663289904594421,-0.7604925036430359,-0.8235418200492859,nan,5.9205876823398285e-06,1.0,2.1512093544006348,0.017714189365506172,2.1334950923919678,1.0
0.004,37,,,,,,,,,,,,,,,,,,,,,,,,,,,,,,,,,,,,,,,,
,37,0.09877672791481018,22265.6640625,0.09877672791481018,-0.5526825189590454,-0.6618966460227966,-0.6751457452774048,nan,5.9335516198189e-06,1.0,2.1277835369110107,0.007751176133751869,2.12003231048584,1.0,0.09941419959068298,0.09877672791481018,37.0,0.004000000189989805,0.019999999552965164,0.0,0.0,0.0010000000474974513,0.0010000000474974513,0.009999999776482582,0.009999999776482582,0.0,0.30000001192092896,37,,,,,,,,,,,,,
,37,,,,,,,,,,,,,,,,,,,,,,,,,,,37,0.09879563003778458,22080.498046875,0.09879563003778458,-0.7233175039291382,-0.72484290599823,-0.7958453297615051,nan,5.927273832639912e-06,1.0,2.109248161315918,0.014998747035861015,2.0942494869232178,1.0
0.004,38,,,,,,,,,,,,,,,,,,,,,,,,,,,,,,,,,,,,,,,,
,38,0.09819129854440689,22564.005859375,0.09819129854440689,-0.5079009532928467,-0.6512952446937561,-0.6131253838539124,nan,5.939254151599016e-06,1.0,2.158203125,0.008710146881639957,2.1494929790496826,1.0,0.09855817258358002,0.09819129854440689,38.0,0.004000000189989805,0.019999999552965164,0.0,0.0,0.0010000000474974513,0.0010000000474974513,0.009999999776482582,0.009999999776482582,0.0,0.30000001192092896,38,,,,,,,,,,,,,
,38,,,,,,,,,,,,,,,,,,,,,,,,,,,38,0.09767242521047592,22308.267578125,0.09767242521047592,-0.6284236907958984,-0.648337721824646,-0.7297763824462891,nan,5.9335516198189e-06,1.0,2.133148431777954,0.01354689709842205,2.1196014881134033,1.0
0.004,39,,,,,,,,,,,,,,,,,,,,,,,,,,,,,,,,,,,,,,,,
,39,0.09741317480802536,22287.099609375,0.09741317480802536,-0.45363742113113403,-0.6075279712677002,-0.5386592149734497,nan,5.944401891611051e-06,1.0,2.131290912628174,0.0074190180748701096,2.1238718032836914,1.0,0.09775666892528534,0.09741317480802536,39.0,0.004000000189989805,0.019999999552965164,0.0,0.0,0.0010000000474974513,0.0010000000474974513,0.009999999776482582,0.009999999776482582,0.0,0.30000001192092896,39,,,,,,,,,,,,,
,39,,,,,,,,,,,,,,,,,,,,,,,,,,,39,0.09694191813468933,22440.5234375,0.09694191813468933,-0.564534604549408,-0.6512473821640015,-0.636599063873291,nan,5.939254151599016e-06,1.0,2.147104501724243,0.014584769494831562,2.1325197219848633,1.0
0.004,40,,,,,,,,,,,,,,,,,,,,,,,,,,,,,,,,,,,,,,,,
,40,0.09678022563457489,22020.900390625,0.09678022563457489,-0.41059112548828125,-0.5746158361434937,-0.47162455320358276,nan,5.949258138571167e-06,1.0,2.1053037643432617,0.00656051654368639,2.098743200302124,1.0,0.09707315266132355,0.09678022563457489,40.0,0.004000000189989805,0.019999999552965164,0.0,0.0,0.0010000000474974513,0.0010000000474974513,0.009999999776482582,0.009999999776482582,0.0,0.30000001192092896,40,,,,,,,,,,,,,
,40,,,,,,,,,,,,,,,,,,,,,,,,,,,40,0.0963401272892952,22260.306640625,0.0963401272892952,-0.5213587880134583,-0.637443482875824,-0.5702793002128601,nan,5.944401891611051e-06,1.0,2.1296844482421875,0.014430719427764416,2.1152536869049072,1.0
0.004,41,,,,,,,,,,,,,,,,,,,,,,,,,,,,,,,,,,,,,,,,
,41,0.09597912430763245,22424.890625,0.09597912430763245,-0.35767945647239685,-0.4947282075881958,-0.4160594642162323,nan,5.9539115682127886e-06,1.0,2.1465039253234863,0.00668175658211112,2.139822244644165,1.0,0.09630733728408813,0.09597912430763245,41.0,0.004000000189989805,0.019999999552965164,0.0,0.0,0.0010000000474974513,0.0010000000474974513,0.009999999776482582,0.009999999776482582,0.0,0.30000001192092896,41,,,,,,,,,,,,,
,41,,,,,,,,,,,,,,,,,,,,,,,,,,,41,0.09544158726930618,21872.857421875,0.09544158726930618,-0.5110486149787903,-0.6635825634002686,-0.5190625786781311,nan,5.949258593318518e-06,1.0,2.0918381214141846,0.014666887931525707,2.0771713256835938,1.0
0.004,42,,,,,,,,,,,,,,,,,,,,,,,,,,,,,,,,,,,,,,,,
,42,0.09555112570524216,22355.19921875,0.09555112570524216,-0.34091880917549133,-0.43151164054870605,-0.3631320893764496,nan,5.958346264378633e-06,1.0,2.139962911605835,0.006132043432444334,2.1338307857513428,1.0,0.09577798843383789,0.09555112570524216,42.0,0.004000000189989805,0.019999999552965164,0.0,0.0,0.0010000000474974513,0.0010000000474974513,0.009999999776482582,0.009999999776482582,0.0,0.30000001192092896,42,,,,,,,,,,,,,
,42,,,,,,,,,,,,,,,,,,,,,,,,,,,42,0.09389616549015045,22181.86328125,0.09389616549015045,-0.4061039686203003,-0.5121282935142517,-0.42797812819480896,nan,5.9539115682127886e-06,1.0,2.124284267425537,0.014168652705848217,2.1101155281066895,1.0
0.004,43,,,,,,,,,,,,,,,,,,,,,,,,,,,,,,,,,,,,,,,,
,43,0.09533576667308807,22330.302734375,0.09533576667308807,-0.3383072018623352,-0.381799578666687,-0.33162057399749756,nan,5.962435807305155e-06,1.0,2.137688636779785,0.005558965727686882,2.132129669189453,1.0,0.0954684317111969,0.09533576667308807,43.0,0.004000000189989805,0.019999999552965164,0.0,0.0,0.0010000000474974513,0.0010000000474974513,0.009999999776482582,0.009999999776482582,0.0,0.30000001192092896,43,,,,,,,,,,,,,
,43,,,,,,,,,,,,,,,,,,,,,,,,,,,43,0.0936635211110115,21982.724609375,0.0936635211110115,-0.3480849266052246,-0.39803019165992737,-0.35672396421432495,nan,5.958346264378633e-06,1.0,2.1046030521392822,0.0120299207046628,2.0925731658935547,1.0
0.004,44,,,,,,,,,,,,,,,,,,,,,,,,,,,,,,,,,,,,,,,,
,44,0.09579161554574966,21587.41015625,0.09579161554574966,-0.38308537006378174,-0.41696327924728394,-0.3190585970878601,nan,5.966229764453601e-06,1.0,2.062943458557129,0.0059242830611765385,2.0570192337036133,1.0,0.0956946611404419,0.09579161554574966,44.0,0.004000000189989805,0.019999999552965164,0.0,0.0,0.0010000000474974513,0.0010000000474974513,0.009999999776482582,0.009999999776482582,0.0,0.30000001192092896,44,,,,,,,,,,,,,
,44,,,,,,,,,,,,,,,,,,,,,,,,,,,44,0.09269782155752182,22167.478515625,0.09269782155752182,-0.3546237349510193,-0.3912501335144043,-0.3327670693397522,nan,5.962435807305155e-06,1.0,2.1240439414978027,0.012614627368748188,2.111429214477539,1.0
0.004,45,,,,,,,,,,,,,,,,,,,,,,,,,,,,,,,,,,,,,,,,
,45,0.09588141739368439,22044.392578125,0.09588141739368439,-0.3947606682777405,-0.4192631244659424,-0.31039515137672424,nan,5.969972335151397e-06,1.0,2.1085517406463623,0.005170050077140331,2.103381633758545,1.0,0.09582538902759552,0.09588141739368439,45.0,0.004000000189989805,0.019999999552965164,0.0,0.0,0.0010000000474974513,0.0010000000474974513,0.009999999776482582,0.009999999776482582,0.0,0.30000001192092896,45,,,,,,,,,,,,,
,45,,,,,,,,,,,,,,,,,,,,,,,,,,,45,0.09342178702354431,21948.275390625,0.09342178702354431,-0.3845907747745514,-0.4207267463207245,-0.30720987915992737,nan,5.966230219200952e-06,1.0,2.1013998985290527,0.012919163331389427,2.0884807109832764,1.0
0.004,46,,,,,,,,,,,,,,,,,,,,,,,,,,,,,,,,,,,,,,,,
,46,0.09578149765729904,21916.748046875,0.09578149765729904,-0.39204415678977966,-0.4097471237182617,-0.28886133432388306,nan,5.973858606012072e-06,1.0,2.0958871841430664,0.00418440205976367,2.091702699661255,1.0,0.0957946628332138,0.09578149765729904,46.0,0.004000000189989805,0.019999999552965164,0.0,0.0,0.0010000000474974513,0.0010000000474974513,0.009999999776482582,0.009999999776482582,0.0,0.30000001192092896,46,,,,,,,,,,,,,
,46,,,,,,,,,,,,,,,,,,,,,,,,,,,46,0.09390558302402496,21765.759765625,0.09390558302402496,-0.4066188335418701,-0.42271116375923157,-0.2851690351963043,nan,5.969972335151397e-06,1.0,2.0826642513275146,0.010784248821437359,2.0718801021575928,1.0
0.004,47,,,,,,,,,,,,,,,,,,,,,,,,,,,,,,,,,,,,,,,,
,47,0.09520281851291656,21893.150390625,0.09520281851291656,-0.3494107723236084,-0.3443509042263031,-0.27188840508461,nan,5.977570708637359e-06,1.0,2.0941061973571777,0.0052811275236308575,2.088824987411499,1.0,0.09538037329912186,0.09520281851291656,47.0,0.004000000189989805,0.019999999552965164,0.0,0.0,0.0010000000474974513,0.0010000000474974513,0.009999999776482582,0.009999999776482582,0.0,0.30000001192092896,47,,,,,,,,,,,,,
,47,,,,,,,,,,,,,,,,,,,,,,,,,,,47,0.09348563104867935,22102.39453125,0.09348563104867935,-0.3586175739765167,-0.35203784704208374,-0.2529684901237488,nan,5.973858606012072e-06,1.0,2.1167478561401367,0.010466563515365124,2.106281280517578,1.0
0.004,48,,,,,,,,,,,,,,,,,,,,,,,,,,,,,,,,,,,,,,,,
,48,0.09456736594438553,22329.0859375,0.09456736594438553,-0.2991678714752197,-0.28447872400283813,-0.25483986735343933,nan,5.9811600294779055e-06,1.0,2.1383352279663086,0.006032838020473719,2.1323022842407227,1.0,0.09481126815080643,0.09456736594438553,48.0,0.004000000189989805,0.019999999552965164,0.0,0.0,0.0010000000474974513,0.0010000000474974513,0.009999999776482582,0.009999999776482582,0.0,0.30000001192092896,48,,,,,,,,,,,,,
,48,,,,,,,,,,,,,,,,,,,,,,,,,,,48,0.09237612783908844,21790.869140625,0.09237612783908844,-0.3477311134338379,-0.3537076711654663,-0.25175467133522034,nan,5.977570708637359e-06,1.0,2.086704730987549,0.011399433016777039,2.075305223464966,1.0
0.004,49,,,,,,,,,,,,,,,,,,,,,,,,,,,,,,,,,,,,,,,,
,49,0.09456083923578262,22047.0859375,0.09456083923578262,-0.2993353605270386,-0.3062915802001953,-0.23163050413131714,nan,5.984749805065803e-06,1.0,2.1101415157318115,0.00459599494934082,2.1055455207824707,1.0,0.094635970890522,0.09456083923578262,49.0,0.004000000189989805,0.019999999552965164,0.0,0.0,0.0010000000474974513,0.0010000000474974513,0.009999999776482582,0.009999999776482582,0.0,0.30000001192092896,49,,,,,,,,,,,,,
,49,,,,,,,,,,,,,,,,,,,,,,,,,,,49,0.0924326479434967,21835.05078125,0.0924326479434967,-0.28430137038230896,-0.27363964915275574,-0.22535283863544464,nan,5.981160484225256e-06,1.0,2.091066360473633,0.012143139727413654,2.078923225402832,1.0
0.004,50,,,,,,,,,,,,,,,,,,,,,,,,,,,,,,,,,,,,,,,,
,50,0.09433932602405548,214594.625,0.09433932602405548,-0.27980974316596985,-0.29415977001190186,-0.22502972185611725,nan,5.988119937683223e-06,1.0,21.3651180267334,0.04725227877497673,21.3178653717041,1.0,0.09442832320928574,0.09433932602405548,50.0,0.004000000189989805,0.019999999552965164,0.0,0.0,0.0010000000474974513,0.0010000000474974513,0.10000000149011612,0.10000000149011612,0.0,0.30000001192092896,50,,,,,,,,,,,,,
,50,,,,,,,,,,,,,,,,,,,,,,,,,,,50,0.09204079210758209,210088.3125,0.09204079210758209,-0.2763001322746277,-0.2715710997581482,-0.2283293604850769,nan,5.984749805065803e-06,1.0,20.916784286499023,0.12189271301031113,20.794891357421875,1.0
0.004,51,,,,,,,,,,,,,,,,,,,,,,,,,,,,,,,,,,,,,,,,
,51,0.09414976835250854,410852.46875,0.09414976835250854,-0.2622743248939514,-0.2801326811313629,-0.22574181854724884,nan,5.991324997012271e-06,1.0,40.991092681884766,0.0924210324883461,40.8986701965332,1.0,0.09423333406448364,0.09414976835250854,51.0,0.004000000189989805,0.019999999552965164,0.0,0.0,0.0010000000474974513,0.0010000000474974513,0.1979999989271164,0.1979999989271164,0.0,0.30000001192092896,51,,,,,,,,,,,,,
,51,,,,,,,,,,,,,,,,,,,,,,,,,,,51,0.0924370139837265,419930.125,0.0924370139837265,-0.3057405352592468,-0.31835880875587463,-0.20166638493537903,nan,5.988120392430574e-06,1.0,41.900569915771484,0.1929628998041153,41.70760726928711,1.0
0.004,52,,,,,,,,,,,,,,,,,,,,,,,,,,,,,,,,,,,,,,,,
,52,0.09469868987798691,621909.875,0.09469868987798691,-0.306231290102005,-0.3479998707771301,-0.22364725172519684,nan,5.994334514980437e-06,1.0,62.096290588378906,0.11261545121669769,61.983673095703125,1.0,0.09455908089876175,0.09469868987798691,52.0,0.004000000189989805,0.019999999552965164,0.0,0.0,0.0010000000474974513,0.0010000000474974513,0.29600000381469727,0.29600000381469727,0.0,0.30000001192092896,52,,,,,,,,,,,,,
,52,,,,,,,,,,,,,,,,,,,,,,,,,,,52,0.09227874130010605,622807.25,0.09227874130010605,-0.2861279249191284,-0.31445807218551636,-0.21852149069309235,nan,5.991324997012271e-06,1.0,62.18844223022461,0.30342429876327515,61.88501739501953,1.0
0.004,53,,,,,,,,,,,,,,,,,,,,,,,,,,,,,,,,,,,,,,,,
,53,0.09447509795427322,828979.8125,0.09447509795427322,-0.28304752707481384,-0.33059144020080566,-0.23442120850086212,nan,5.997010703140404e-06,1.0,82.80349731445312,0.15528292953968048,82.6482162475586,1.0,0.09450029581785202,0.09447509795427322,53.0,0.004000000189989805,0.019999999552965164,0.0,0.0,0.0010000000474974513,0.0010000000474974513,0.39399999380111694,0.39399999380111694,0.0,0.30000001192092896,53,,,,,,,,,,,,,
,53,,,,,,,,,,,,,,,,,,,,,,,,,,,53,0.09222867339849472,826026.625,0.09222867339849472,-0.309082955121994,-0.33232608437538147,-0.23159991204738617,nan,5.994334060233086e-06,1.0,82.51042938232422,0.35025447607040405,82.16017150878906,1.0
0.004,54,,,,,,,,,,,,,,,,,,,,,,,,,,,,,,,,,,,,,,,,
,54,0.09450726211071014,1010176.0,0.09450726211071014,-0.28283634781837463,-0.3286934792995453,-0.24986545741558075,nan,5.999384939059382e-06,1.0,100.92308807373047,0.21322692930698395,100.7098617553711,1.0,0.094505175948143,0.09450726211071014,54.0,0.004000000189989805,0.019999999552965164,0.0,0.0,0.0010000000474974513,0.0010000000474974513,0.492000013589859,0.492000013589859,0.0,0.30000001192092896,54,,,,,,,,,,,,,
,54,,,,,,,,,,,,,,,,,,,,,,,,,,,54,0.09247832000255585,1026698.0,0.09247832000255585,-0.2926926612854004,-0.3330274224281311,-0.24042227864265442,nan,5.997010703140404e-06,1.0,102.57731628417969,0.49028757214546204,102.08702850341797,1.0
0.004,55,,,,,,,,,,,,,,,,,,,,,,,,,,,,,,,,,,,,,,,,
,55,0.09423770010471344,1237924.375,0.09423770010471344,-0.2582603693008423,-0.30101633071899414,-0.25663891434669495,nan,6.00140992901288e-06,1.0,123.69819641113281,0.2296697050333023,123.4685287475586,1.0,0.09431794285774231,0.09423770010471344,55.0,0.004000000189989805,0.019999999552965164,0.0,0.0,0.0010000000474974513,0.0010000000474974513,0.5899999737739563,0.5899999737739563,0.0,0.30000001192092896,55,,,,,,,,,,,,,
,55,,,,,,,,,,,,,,,,,,,,,,,,,,,55,0.09206586331129074,1230194.0,0.09206586331129074,-0.2586061358451843,-0.2686060667037964,-0.2578882575035095,nan,5.999384939059382e-06,1.0,122.92732238769531,0.6230723261833191,122.30425262451172,1.0
0.004,56,,,,,,,,,,,,,,,,,,,,,,,,,,,,,,,,,,,,,,,,
,56,0.09448336809873581,1439521.75,0.09448336809873581,-0.2803841233253479,-0.31315016746520996,-0.26345106959342957,nan,6.00334897171706e-06,1.0,143.85769653320312,0.22008995711803436,143.63760375976562,1.0,0.0944337397813797,0.09448336809873581,56.0,0.004000000189989805,0.019999999552965164,0.0,0.0,0.0010000000474974513,0.0010000000474974513,0.6880000233650208,0.6880000233650208,0.0,0.30000001192092896,56,,,,,,,,,,,,,
,56,,,,,,,,,,,,,,,,,,,,,,,,,,,56,0.09212734550237656,1426675.75,0.09212734550237656,-0.25866466760635376,-0.2848966419696808,-0.28023761510849,nan,6.00140992901288e-06,1.0,142.575439453125,0.7042052149772644,141.87123107910156,1.0
0.004,57,,,,,,,,,,,,,,,,,,,,,,,,,,,,,,,,,,,,,,,,
,57,0.09400675445795059,1612549.625,0.09400675445795059,-0.23767009377479553,-0.26357966661453247,-0.27331262826919556,nan,6.0051197579014115e-06,1.0,161.16094970703125,0.2968312203884125,160.86412048339844,1.0,0.0941348522901535,0.09400675445795059,57.0,0.004000000189989805,0.019999999552965164,0.0,0.0,0.0010000000474974513,0.0010000000474974513,0.7860000133514404,0.7860000133514404,0.0,0.30000001192092896,57,,,,,,,,,,,,,
,57,,,,,,,,,,,,,,,,,,,,,,,,,,,57,0.09195557236671448,1624774.0,0.09195557236671448,-0.2582087814807892,-0.2707713842391968,-0.2918418049812317,nan,6.00334897171706e-06,1.0,162.38543701171875,0.726902961730957,161.65853881835938,1.0
0.004,58,,,,,,,,,,,,,,,,,,,,,,,,,,,,,,,,,,,,,,,,
,58,0.0941559299826622,1828746.5,0.0941559299826622,-0.2496742457151413,-0.2696123719215393,-0.2838937044143677,nan,6.006767307553673e-06,1.0,182.78048706054688,0.331139475107193,182.4493408203125,1.0,0.09414960443973541,0.0941559299826622,58.0,0.004000000189989805,0.019999999552965164,0.0,0.0,0.0010000000474974513,0.0010000000474974513,0.8840000033378601,0.8840000033378601,0.0,0.30000001192092896,58,,,,,,,,,,,,,
,58,,,,,,,,,,,,,,,,,,,,,,,,,,,58,0.0925140455365181,1827131.375,0.0925140455365181,-0.2848159074783325,-0.30870234966278076,-0.2888603210449219,nan,6.0051197579014115e-06,1.0,182.62062072753906,0.8432184457778931,181.77740478515625,1.0
0.004,59,,,,,,,,,,,,,,,,,,,,,,,,,,,,,,,,,,,,,,,,
,59,0.0945640504360199,2052194.5,0.0945640504360199,-0.28161492943763733,-0.30945083498954773,-0.2947770357131958,nan,6.008389391354285e-06,1.0,205.12490844726562,0.32459139823913574,204.80030822753906,1.0,0.09443971514701843,0.0945640504360199,59.0,0.004000000189989805,0.019999999552965164,0.0,0.0,0.0010000000474974513,0.0010000000474974513,0.9819999933242798,0.9819999933242798,0.0,0.30000001192092896,59,,,,,,,,,,,,,
,59,,,,,,,,,,,,,,,,,,,,,,,,,,,59,0.09228372573852539,2025344.5,0.09228372573852539,-0.2805335521697998,-0.2853420674800873,-0.31066352128982544,nan,6.006767762301024e-06,1.0,202.44216918945312,0.9477275609970093,201.49444580078125,1.0
0.004,60,,,,,,,,,,,,,,,,,,,,,,,,,,,,,,,,,,,,,,,,
,60,0.09473183006048203,2196911.25,0.09473183006048203,-0.2931920289993286,-0.32546913623809814,-0.3052554726600647,nan,6.00981275056256e-06,1.0,219.59637451171875,0.3505301773548126,219.24586486816406,1.0,0.09464419633150101,0.09473183006048203,60.0,0.004000000189989805,0.019999999552965164,0.0,0.0,0.0010000000474974513,0.0010000000474974513,1.0800000429153442,1.0800000429153442,0.0,0.30000001192092896,60,,,,,,,,,,,,,
,60,,,,,,,,,,,,,,,,,,,,,,,,,,,60,0.09285735338926315,2252348.0,0.09285735338926315,-0.2999248504638672,-0.31892502307891846,-0.311515748500824,nan,6.008388936606934e-06,1.0,225.14193725585938,0.9948220252990723,224.14710998535156,1.0
0.004,61,,,,,,,,,,,,,,,,,,,,,,,,,,,,,,,,,,,,,,,,
,61,0.09490583091974258,2446429.75,0.09490583091974258,-0.30776408314704895,-0.33717024326324463,-0.31125104427337646,nan,6.011016012053005e-06,1.0,244.54806518554688,0.37164488434791565,244.17642211914062,1.0,0.09482733905315399,0.09490583091974258,61.0,0.004000000189989805,0.019999999552965164,0.0,0.0,0.0010000000474974513,0.0010000000474974513,1.1779999732971191,1.1779999732971191,0.0,0.30000001192092896,61,,,,,,,,,,,,,
,61,,,,,,,,,,,,,,,,,,,,,,,,,,,61,0.09274821728467941,2433128.0,0.09274821728467941,-0.2984524667263031,-0.3145630657672882,-0.32669761776924133,nan,6.00981275056256e-06,1.0,243.22003173828125,0.9028743505477905,242.31715393066406,1.0
0.004,62,,,,,,,,,,,,,,,,,,,,,,,,,,,,,,,,,,,,,,,,
,62,0.09518946707248688,2657471.5,0.09518946707248688,-0.32865506410598755,-0.3692571520805359,-0.3195519745349884,nan,6.012038284097798e-06,1.0,265.6519775390625,0.36132994294166565,265.2906494140625,1.0,0.09508083015680313,0.09518946707248688,62.0,0.004000000189989805,0.019999999552965164,0.0,0.0,0.0010000000474974513,0.0010000000474974513,1.2760000228881836,1.2760000228881836,0.0,0.30000001192092896,62,,,,,,,,,,,,,
,62,,,,,,,,,,,,,,,,,,,,,,,,,,,62,0.0923977717757225,2693050.0,0.0923977717757225,-0.2939996123313904,-0.3081977367401123,-0.33907294273376465,nan,6.011016012053005e-06,1.0,269.21258544921875,1.099027395248413,268.1135559082031,1.0
0.004,63,,,,,,,,,,,,,,,,,,,,,,,,,,,,,,,,,,,,,,,,
,63,0.0944264829158783,2870857.0,0.0944264829158783,-0.2649747133255005,-0.28270289301872253,-0.32477033138275146,nan,6.0130100791866425e-06,1.0,286.99127197265625,0.44698017835617065,286.5442810058594,1.0,0.09462278336286545,0.0944264829158783,63.0,0.004000000189989805,0.019999999552965164,0.0,0.0,0.0010000000474974513,0.0010000000474974513,1.3739999532699585,1.3739999532699585,0.0,0.30000001192092896,63,,,,,,,,,,,,,
,63,,,,,,,,,,,,,,,,,,,,,,,,,,,63,0.09312452375888824,2908288.25,0.09312452375888824,-0.29941263794898987,-0.311812162399292,-0.3284359276294708,nan,6.012038284097798e-06,1.0,290.7356872558594,0.9663313627243042,289.76934814453125,1.0
0.004,64,,,,,,,,,,,,,,,,,,,,,,,,,,,,,,,,,,,,,,,,
,64,0.09465594589710236,3029720.25,0.09465594589710236,-0.28228887915611267,-0.30538251996040344,-0.332986444234848,nan,6.014043265167857e-06,1.0,302.8773498535156,0.5273184776306152,302.35003662109375,1.0,0.09464599937200546,0.09465594589710236,64.0,0.004000000189989805,0.019999999552965164,0.0,0.0,0.0010000000474974513,0.0010000000474974513,1.472000002861023,1.472000002861023,0.0,0.30000001192092896,64,,,,,,,,,,,,,
,64,,,,,,,,,,,,,,,,,,,,,,,,,,,64,0.09260227531194687,3071487.5,0.09260227531194687,-0.3142377734184265,-0.3178144097328186,-0.3530893325805664,nan,6.0130100791866425e-06,1.0,307.0561218261719,1.1353110074996948,305.9208068847656,1.0
0.004,65,,,,,,,,,,,,,,,,,,,,,,,,,,,,,,,,,,,,,,,,
,65,0.09503357112407684,3166334.5,0.09503357112407684,-0.3129934072494507,-0.3430023491382599,-0.33815252780914307,nan,6.015108283463633e-06,1.0,316.53839111328125,0.5061442255973816,316.0322570800781,1.0,0.09491729736328125,0.09503357112407684,65.0,0.004000000189989805,0.019999999552965164,0.0,0.0,0.0010000000474974513,0.0010000000474974513,1.5700000524520874,1.5700000524520874,0.0,0.30000001192092896,65,,,,,,,,,,,,,
,65,,,,,,,,,,,,,,,,,,,,,,,,,,,65,0.09293428808450699,3255171.25,0.09293428808450699,-0.3145318329334259,-0.3207103908061981,-0.3445175886154175,nan,6.014043265167857e-06,1.0,325.4241943359375,1.4740267992019653,323.9501647949219,1.0
0.004,66,,,,,,,,,,,,,,,,,,,,,,,,,,,,,,,,,,,,,,,,
,66,0.09535026550292969,3401227.0,0.09535026550292969,-0.33839595317840576,-0.37240636348724365,-0.34572964906692505,nan,6.016273800923955e-06,1.0,340.0273132324219,0.4428480863571167,339.5844421386719,1.0,0.09522037208080292,0.09535026550292969,66.0,0.004000000189989805,0.019999999552965164,0.0,0.0,0.0010000000474974513,0.0010000000474974513,1.6679999828338623,1.6679999828338623,0.0,0.30000001192092896,66,,,,,,,,,,,,,
,66,,,,,,,,,,,,,,,,,,,,,,,,,,,66,0.09268373996019363,3400118.0,0.09268373996019363,-0.3008655607700348,-0.3159451484680176,-0.35248950123786926,nan,6.015108283463633e-06,1.0,339.91912841796875,1.5283572673797607,338.3907775878906,1.0
0.004,67,,,,,,,,,,,,,,,,,,,,,,,,,,,,,,,,,,,,,,,,
,67,0.09521196037530899,3616902.5,0.09521196037530899,-0.32666823267936707,-0.3496737778186798,-0.35379523038864136,nan,6.017277883074712e-06,1.0,361.5950012207031,0.532924234867096,361.06207275390625,1.0,0.09521448612213135,0.09521196037530899,67.0,0.004000000189989805,0.019999999552965164,0.0,0.0,0.0010000000474974513,0.0010000000474974513,1.7660000324249268,1.7660000324249268,0.0,0.30000001192092896,67,,,,,,,,,,,,,
,67,,,,,,,,,,,,,,,,,,,,,,,,,,,67,0.09251648187637329,3664878.0,0.09251648187637329,-0.32261353731155396,-0.3374675512313843,-0.3642604649066925,nan,6.016274255671306e-06,1.0,366.395263671875,1.4204245805740356,364.974853515625,1.0
0.004,68,,,,,,,,,,,,,,,,,,,,,,,,,,,,,,,,,,,,,,,,
,68,0.09508993476629257,3874915.0,0.09508993476629257,-0.31524384021759033,-0.33479994535446167,-0.3600998818874359,nan,6.018204658175819e-06,1.0,387.3963928222656,0.615850567817688,386.7805480957031,1.0,0.09512729942798615,0.09508993476629257,68.0,0.004000000189989805,0.019999999552965164,0.0,0.0,0.0010000000474974513,0.0010000000474974513,1.8639999628067017,1.8639999628067017,0.0,0.30000001192092896,68,,,,,,,,,,,,,
,68,,,,,,,,,,,,,,,,,,,,,,,,,,,68,0.09319092333316803,3880778.75,0.09319092333316803,-0.33877748250961304,-0.3335297107696533,-0.4008931517601013,nan,6.017277883074712e-06,1.0,387.98468017578125,1.4843462705612183,386.5003356933594,1.0
0.004,69,,,,,,,,,,,,,,,,,,,,,,,,,,,,,,,,,,,,,,,,
,69,0.0951678529381752,4029865.0,0.0951678529381752,-0.3218337595462799,-0.3358277976512909,-0.3664112985134125,nan,6.018857675371692e-06,1.0,402.8913269042969,0.4748269319534302,402.4164733886719,1.0,0.09515568614006042,0.0951678529381752,69.0,0.004000000189989805,0.019999999552965164,0.0,0.0,0.0010000000474974513,0.0010000000474974513,1.9620000123977661,1.9620000123977661,0.0,0.30000001192092896,69,,,,,,,,,,,,,
,69,,,,,,,,,,,,,,,,,,,,,,,,,,,69,0.09415947645902634,4040115.25,0.09415947645902634,-0.37257081270217896,-0.3711727261543274,-0.38875722885131836,nan,6.018204658175819e-06,1.0,403.9173583984375,1.5636004209518433,402.353759765625,1.0
0.004,70,,,,,,,,,,,,,,,,,,,,,,,,,,,,,,,,,,,,,,,,
,70,0.09526919573545456,4283791.5,0.09526919573545456,-0.32967060804367065,-0.352423757314682,-0.36331886053085327,nan,6.0194106481503695e-06,1.0,428.28387451171875,0.5132526159286499,427.7706298828125,1.0,0.09523513913154602,0.09526919573545456,70.0,0.004000000189989805,0.019999999552965164,0.0,0.0,0.0010000000474974513,0.0010000000474974513,2.059999942779541,2.059999942779541,0.0,0.30000001192092896,70,,,,,,,,,,,,,
,70,,,,,,,,,,,,,,,,,,,,,,,,,,,70,0.09356451034545898,4211564.0,0.09356451034545898,-0.357737272977829,-0.35494959354400635,-0.3941112160682678,nan,6.018857675371692e-06,1.0,421.0628356933594,1.6460649967193604,419.4167785644531,1.0
0.004,71,,,,,,,,,,,,,,,,,,,,,,,,,,,,,,,,,,,,,,,,
,71,0.09526439756155014,4402325.0,0.09526439756155014,-0.32801204919815063,-0.3501889705657959,-0.36949384212493896,nan,6.020286036800826e-06,1.0,440.1372375488281,0.6081964373588562,439.529052734375,1.0,0.09525562077760696,0.09526439756155014,71.0,0.004000000189989805,0.019999999552965164,0.0,0.0,0.0010000000474974513,0.0010000000474974513,2.1579999923706055,2.1579999923706055,0.0,0.30000001192092896,71,,,,,,,,,,,,,
,71,,,,,,,,,,,,,,,,,,,,,,,,,,,71,0.0935174971818924,4395828.0,0.0935174971818924,-0.332820326089859,-0.3326769471168518,-0.39660823345184326,nan,6.0194106481503695e-06,1.0,439.4892883300781,1.4565640687942505,438.03271484375,1.0
0.004,72,,,,,,,,,,,,,,,,,,,,,,,,,,,,,,,,,,,,,,,,
,72,0.09541048109531403,4539715.5,0.09541048109531403,-0.34159743785858154,-0.35540449619293213,-0.37380528450012207,nan,6.0211850723135285e-06,1.0,453.8760986328125,0.6639646291732788,453.21209716796875,1.0,0.09536401927471161,0.09541048109531403,72.0,0.004000000189989805,0.019999999552965164,0.0,0.0,0.0010000000474974513,0.0010000000474974513,2.25600004196167,2.25600004196167,0.0,0.30000001192092896,72,,,,,,,,,,,,,
,72,,,,,,,,,,,,,,,,,,,,,,,,,,,72,0.09357869625091553,4594399.5,0.09357869625091553,-0.33386367559432983,-0.3186373710632324,-0.3952190577983856,nan,6.020286036800826e-06,1.0,459.34637451171875,1.6454124450683594,457.7009582519531,1.0
0.004,73,,,,,,,,,,,,,,,,,,,,,,,,,,,,,,,,,,,,,,,,
,73,0.09561287611722946,4843488.5,0.09561287611722946,-0.36004355549812317,-0.3659362494945526,-0.37812718749046326,nan,6.0219699662411585e-06,1.0,484.25323486328125,0.6023128032684326,483.6509094238281,1.0,0.09553822129964828,0.09561287611722946,73.0,0.004000000189989805,0.019999999552965164,0.0,0.0,0.0010000000474974513,0.0010000000474974513,2.3540000915527344,2.3540000915527344,0.0,0.30000001192092896,73,,,,,,,,,,,,,
,73,,,,,,,,,,,,,,,,,,,,,,,,,,,73,0.093779057264328,4807718.5,0.093779057264328,-0.35015884041786194,-0.33227336406707764,-0.3973469138145447,nan,6.0211850723135285e-06,1.0,480.6780700683594,1.7290900945663452,478.948974609375,1.0
0.004,74,,,,,,,,,,,,,,,,,,,,,,,,,,,,,,,,,,,,,,,,
,74,0.09583058208227158,4987819.5,0.09583058208227158,-0.3741050958633423,-0.40290263295173645,-0.3804183900356293,nan,6.022544766892679e-06,1.0,498.6861267089844,0.5613120198249817,498.12481689453125,1.0,0.09574287384748459,0.09583058208227158,74.0,0.004000000189989805,0.019999999552965164,0.0,0.0,0.0010000000474974513,0.0010000000474974513,2.4519999027252197,2.4519999027252197,0.0,0.30000001192092896,74,,,,,,,,,,,,,
,74,,,,,,,,,,,,,,,,,,,,,,,,,,,74,0.09320611506700516,5003463.5,0.09320611506700516,-0.34275802969932556,-0.3246605098247528,-0.3935607075691223,nan,6.0219699662411585e-06,1.0,500.253173828125,1.7525700330734253,498.5006103515625,1.0
0.004,75,,,,,,,,,,,,,,,,,,,,,,,,,,,,,,,,,,,,,,,,
,75,0.09546353667974472,5116687.5,0.09546353667974472,-0.34603646397590637,-0.3489122688770294,-0.3848613500595093,nan,6.0230277085793205e-06,1.0,511.5733337402344,0.6788081526756287,510.8945007324219,1.0,0.09554733335971832,0.09546353667974472,75.0,0.004000000189989805,0.019999999552965164,0.0,0.0,0.0010000000474974513,0.0010000000474974513,2.549999952316284,2.549999952316284,0.0,0.30000001192092896,75,,,,,,,,,,,,,
,75,,,,,,,,,,,,,,,,,,,,,,,,,,,75,0.09370403736829758,5169637.0,0.09370403736829758,-0.37421780824661255,-0.3611404299736023,-0.4168646037578583,nan,6.022544766892679e-06,1.0,516.8699951171875,1.6609559059143066,515.2090454101562,1.0
0.004,76,,,,,,,,,,,,,,,,,,,,,,,,,,,,,,,,,,,,,,,,
,76,0.0956411063671112,5345938.5,0.0956411063671112,-0.36203640699386597,-0.36944302916526794,-0.37898004055023193,nan,6.023337846272625e-06,1.0,534.4982299804688,0.7265040874481201,533.771728515625,1.0,0.09561297297477722,0.0956411063671112,76.0,0.004000000189989805,0.019999999552965164,0.0,0.0,0.0010000000474974513,0.0010000000474974513,2.6480000019073486,2.6480000019073486,0.0,0.30000001192092896,76,,,,,,,,,,,,,
,76,,,,,,,,,,,,,,,,,,,,,,,,,,,76,0.09332510828971863,5392309.0,0.09332510828971863,-0.3812532126903534,-0.36396080255508423,-0.411011278629303,nan,6.0230277085793205e-06,1.0,539.1375732421875,1.8816066980361938,537.2559814453125,1.0
0.004,77,,,,,,,,,,,,,,,,,,,,,,,,,,,,,,,,,,,,,,,,
,77,0.09553322196006775,5533387.0,0.09553322196006775,-0.3510034680366516,-0.3656437397003174,-0.3794045150279999,nan,6.0235724959056824e-06,1.0,553.2431640625,0.6374203562736511,552.6057739257812,1.0,0.09555714577436447,0.09553322196006775,77.0,0.004000000189989805,0.019999999552965164,0.0,0.0,0.0010000000474974513,0.0010000000474974513,2.746000051498413,2.746000051498413,0.0,0.30000001192092896,77,,,,,,,,,,,,,
,77,,,,,,,,,,,,,,,,,,,,,,,,,,,77,0.09366574138402939,5569206.5,0.09366574138402939,-0.3629969358444214,-0.35406526923179626,-0.4111306369304657,nan,6.023337846272625e-06,1.0,556.8269653320312,1.9710819721221924,554.8558959960938,1.0
0.004,78,,,,,,,,,,,,,,,,,,,,,,,,,,,,,,,,,,,,,,,,
,78,0.0955454558134079,5825476.0,0.0955454558134079,-0.3524945378303528,-0.3728277087211609,-0.372297465801239,nan,6.023516561981523e-06,1.0,582.4520263671875,0.6438671350479126,581.8081665039062,1.0,0.09554896503686905,0.0955454558134079,78.0,0.004000000189989805,0.019999999552965164,0.0,0.0,0.0010000000474974513,0.0010000000474974513,2.8440001010894775,2.8440001010894775,0.0,0.30000001192092896,78,,,,,,,,,,,,,
,78,,,,,,,,,,,,,,,,,,,,,,,,,,,78,0.09417442232370377,5793116.5,0.09417442232370377,-0.395250141620636,-0.38741081953048706,-0.3960649371147156,nan,6.0235724959056824e-06,1.0,579.2174682617188,1.9098368883132935,577.3076171875,1.0
0.004,79,,,,,,,,,,,,,,,,,,,,,,,,,,,,,,,,,,,,,,,,
,79,0.09562303870916367,5936593.5,0.09562303870916367,-0.3609703779220581,-0.37535831332206726,-0.3701997995376587,nan,6.023505193297751e-06,1.0,593.5636596679688,0.8329600691795349,592.730712890625,1.0,0.09560082107782364,0.09562303870916367,79.0,0.004000000189989805,0.019999999552965164,0.0,0.0,0.0010000000474974513,0.0010000000474974513,2.941999912261963,2.941999912261963,0.0,0.30000001192092896,79,,,,,,,,,,,,,
,79,,,,,,,,,,,,,,,,,,,,,,,,,,,79,0.09328366816043854,5977049.5,0.09328366816043854,-0.3536677658557892,-0.32962650060653687,-0.38611987233161926,nan,6.023516561981523e-06,1.0,597.6116943359375,1.7690362930297852,595.8426513671875,1.0
0.004,80,,,,,,,,,,,,,,,,,,,,,,,,,,,,,,,,,,,,,,,,
,80,0.09533735364675522,6115766.0,0.09533735364675522,-0.3375357389450073,-0.3409501016139984,-0.3724861145019531,nan,6.023557034495752e-06,1.0,611.4812622070312,0.7623247504234314,610.7189331054688,1.0,0.09541639685630798,0.09533735364675522,80.0,0.004000000189989805,0.019999999552965164,0.0,0.0,0.0010000000474974513,0.0010000000474974513,3.0399999618530273,3.0399999618530273,0.0,0.30000001192092896,80,,,,,,,,,,,,,
,80,,,,,,,,,,,,,,,,,,,,,,,,,,,80,0.0935664102435112,6214197.5,0.0935664102435112,-0.37162190675735474,-0.3357524275779724,-0.38380467891693115,nan,6.023505193297751e-06,1.0,621.326171875,1.9412639141082764,619.3848876953125,1.0
0.004,81,,,,,,,,,,,,,,,,,,,,,,,,,,,,,,,,,,,,,,,,
,81,0.09612617641687393,6212594.5,0.09612617641687393,-0.40330374240875244,-0.42281216382980347,-0.3743269443511963,nan,6.023650257702684e-06,1.0,621.163330078125,0.6507292985916138,620.5125732421875,1.0,0.09591324627399445,0.09612617641687393,81.0,0.004000000189989805,0.019999999552965164,0.0,0.0,0.0010000000474974513,0.0010000000474974513,3.138000011444092,3.138000011444092,0.0,0.30000001192092896,81,,,,,,,,,,,,,
,81,,,,,,,,,,,,,,,,,,,,,,,,,,,81,0.09325917810201645,6400302.5,0.09325917810201645,-0.37224629521369934,-0.34938254952430725,-0.4028412699699402,nan,6.023557034495752e-06,1.0,639.93701171875,2.2871170043945312,637.64990234375,1.0
0.004,82,,,,,,,,,,,,,,,,,,,,,,,,,,,,,,,,,,,,,,,,
,82,0.0958029106259346,6572110.5,0.0958029106259346,-0.3752283453941345,-0.3895256519317627,-0.3774341344833374,nan,6.0238044170546345e-06,1.0,657.115234375,0.8480666875839233,656.2672119140625,1.0,0.09583601355552673,0.0958029106259346,82.0,0.004000000189989805,0.019999999552965164,0.0,0.0,0.0010000000474974513,0.0010000000474974513,3.2360000610351562,3.2360000610351562,0.0,0.30000001192092896,82,,,,,,,,,,,,,
,82,,,,,,,,,,,,,,,,,,,,,,,,,,,82,0.0944717675447464,6563670.0,0.0944717675447464,-0.3869607746601105,-0.368974894285202,-0.3959978222846985,nan,6.023650257702684e-06,1.0,656.2725219726562,2.0278751850128174,654.24462890625,1.0
0.004,83,,,,,,,,,,,,,,,,,,,,,,,,,,,,,,,,,,,,,,,,
,83,0.09567423909902573,6652529.5,0.09567423909902573,-0.36568984389305115,-0.37335970997810364,-0.3753659427165985,nan,6.02400723437313e-06,1.0,665.1571655273438,0.8697698712348938,664.2874755859375,1.0,0.09572277218103409,0.09567423909902573,83.0,0.004000000189989805,0.019999999552965164,0.0,0.0,0.0010000000474974513,0.0010000000474974513,3.3340001106262207,3.3340001106262207,0.0,0.30000001192092896,83,,,,,,,,,,,,,
,83,,,,,,,,,,,,,,,,,,,,,,,,,,,83,0.09408095479011536,6703684.0,0.09408095479011536,-0.37876176834106445,-0.36207491159439087,-0.37935855984687805,nan,6.0238044170546345e-06,1.0,670.2742919921875,2.3130831718444824,667.961181640625,1.0
0.004,84,,,,,,,,,,,,,,,,,,,,,,,,,,,,,,,,,,,,,,,,
,84,0.09580918401479721,6938244.0,0.09580918401479721,-0.3769043982028961,-0.39403003454208374,-0.3697107434272766,nan,6.024339199939277e-06,1.0,693.7285766601562,0.7844017148017883,692.9441528320312,1.0,0.09578326344490051,0.09580918401479721,84.0,0.004000000189989805,0.019999999552965164,0.0,0.0,0.0010000000474974513,0.0010000000474974513,3.431999921798706,3.431999921798706,0.0,0.30000001192092896,84,,,,,,,,,,,,,
,84,,,,,,,,,,,,,,,,,,,,,,,,,,,84,0.09410475194454193,6897806.5,0.09410475194454193,-0.4114589989185333,-0.3997994065284729,-0.38874050974845886,nan,6.024007689120481e-06,1.0,689.6865234375,2.380443811416626,687.3060913085938,1.0
0.004,85,,,,,,,,,,,,,,,,,,,,,,,,,,,,,,,,,,,,,,,,
,85,0.09573988616466522,6996432.0,0.09573988616466522,-0.3719051480293274,-0.38134005665779114,-0.3717426359653473,nan,6.024814865668304e-06,1.0,699.5474243164062,0.7272688150405884,698.8201293945312,1.0,0.09575290232896805,0.09573988616466522,85.0,0.004000000189989805,0.019999999552965164,0.0,0.0,0.0010000000474974513,0.0010000000474974513,3.5299999713897705,3.5299999713897705,0.0,0.30000001192092896,85,,,,,,,,,,,,,
,85,,,,,,,,,,,,,,,,,,,,,,,,,,,85,0.09357447922229767,7005201.0,0.09357447922229767,-0.3768399953842163,-0.35262611508369446,-0.40275073051452637,nan,6.024339199939277e-06,1.0,700.426513671875,2.031862497329712,698.3946533203125,1.0
0.004,86,,,,,,,,,,,,,,,,,,,,,,,,,,,,,,,,,,,,,,,,
,86,0.09576375782489777,7204893.0,0.09576375782489777,-0.37436947226524353,-0.3789677321910858,-0.3745045065879822,nan,6.02543332206551e-06,1.0,720.3934936523438,0.8002424836158752,719.59326171875,1.0,0.09576050192117691,0.09576375782489777,86.0,0.004000000189989805,0.019999999552965164,0.0,0.0,0.0010000000474974513,0.0010000000474974513,3.628000020980835,3.628000020980835,0.0,0.30000001192092896,86,,,,,,,,,,,,,
,86,,,,,,,,,,,,,,,,,,,,,,,,,,,86,0.0937536284327507,7325124.0,0.0937536284327507,-0.38121646642684937,-0.356576144695282,-0.383858859539032,nan,6.024814865668304e-06,1.0,732.4186401367188,2.135258436203003,730.2833862304688,1.0
0.004,87,,,,,,,,,,,,,,,,,,,,,,,,,,,,,,,,,,,,,,,,
,87,0.0959969237446785,7579789.5,0.0959969237446785,-0.39054566621780396,-0.41525718569755554,-0.3759029507637024,nan,6.02594627707731e-06,1.0,757.8829956054688,0.9780942797660828,756.9048461914062,1.0,0.09592599421739578,0.0959969237446785,87.0,0.004000000189989805,0.019999999552965164,0.0,0.0,0.0010000000474974513,0.0010000000474974513,3.7260000705718994,3.7260000705718994,0.0,0.30000001192092896,87,,,,,,,,,,,,,
,87,,,,,,,,,,,,,,,,,,,,,,,,,,,87,0.09379718452692032,7572380.5,0.09379718452692032,-0.38673651218414307,-0.3660832941532135,-0.39398452639579773,nan,6.025433776812861e-06,1.0,757.1442260742188,2.118549108505249,755.0256958007812,1.0
0.004,88,,,,,,,,,,,,,,,,,,,,,,,,,,,,,,,,,,,,,,,,
,88,0.09643037617206573,7586752.5,0.09643037617206573,-0.4280351400375366,-0.4490978717803955,-0.3821842074394226,nan,6.026298706274247e-06,1.0,758.578857421875,0.7913166880607605,757.7874755859375,1.0,0.09627906233072281,0.09643037617206573,88.0,0.004000000189989805,0.019999999552965164,0.0,0.0,0.0010000000474974513,0.0010000000474974513,3.8239998817443848,3.8239998817443848,0.0,0.30000001192092896,88,,,,,,,,,,,,,
,88,,,,,,,,,,,,,,,,,,,,,,,,,,,88,0.09472119063138962,7701982.0,0.09472119063138962,-0.4111926257610321,-0.40030092000961304,-0.39174771308898926,nan,6.02594627707731e-06,1.0,770.1034545898438,2.2201569080352783,767.88330078125,1.0
0.004,89,,,,,,,,,,,,,,,,,,,,,,,,,,,,,,,,,,,,,,,,
,89,0.09583184123039246,7755150.5,0.09583184123039246,-0.3783928155899048,-0.386075884103775,-0.38066601753234863,nan,6.0266161199251655e-06,1.0,775.419189453125,0.8278454542160034,774.5914306640625,1.0,0.09596600383520126,0.09583184123039246,89.0,0.004000000189989805,0.019999999552965164,0.0,0.0,0.0010000000474974513,0.0010000000474974513,3.921999931335449,3.921999931335449,0.0,0.30000001192092896,89,,,,,,,,,,,,,
,89,,,,,,,,,,,,,,,,,,,,,,,,,,,89,0.09309214353561401,7884668.5,0.09309214353561401,-0.3882230520248413,-0.38052666187286377,-0.40692615509033203,nan,6.026298706274247e-06,1.0,788.373779296875,2.466569423675537,785.9072265625,1.0
0.004,90,,,,,,,,,,,,,,,,,,,,,,,,,,,,,,,,,,,,,,,,
,90,0.09607026726007462,8042814.5,0.09607026726007462,-0.39950570464134216,-0.41103458404541016,-0.3765143156051636,nan,6.0268448578426614e-06,1.0,804.1853637695312,0.931555986404419,803.2537231445312,1.0,0.09603898972272873,0.09607026726007462,90.0,0.004000000189989805,0.019999999552965164,0.0,0.0,0.0010000000474974513,0.0010000000474974513,4.019999980926514,4.019999980926514,0.0,0.30000001192092896,90,,,,,,,,,,,,,
,90,,,,,,,,,,,,,,,,,,,,,,,,,,,90,0.09343414753675461,8062627.0,0.09343414753675461,-0.3898835778236389,-0.3582930862903595,-0.4108816087245941,nan,6.0266165746725164e-06,1.0,806.1692504882812,2.6730329990386963,803.4962158203125,1.0
0.004,91,,,,,,,,,,,,,,,,,,,,,,,,,,,,,,,,,,,,,,,,
,91,0.09614860266447067,8137044.0,0.09614860266447067,-0.40617430210113525,-0.42180243134498596,-0.37378257513046265,nan,6.026887604093645e-06,1.0,813.6082763671875,0.853212296962738,812.7550659179688,1.0,0.09611572325229645,0.09614860266447067,91.0,0.004000000189989805,0.019999999552965164,0.0,0.0,0.0010000000474974513,0.0010000000474974513,4.118000030517578,4.118000030517578,0.0,0.30000001192092896,91,,,,,,,,,,,,,
,91,,,,,,,,,,,,,,,,,,,,,,,,,,,91,0.09426642209291458,8338850.0,0.09426642209291458,-0.41500014066696167,-0.38633859157562256,-0.3971529006958008,nan,6.026845312590012e-06,1.0,833.7907104492188,2.5469419956207275,831.2437744140625,1.0
0.004,92,,,,,,,,,,,,,,,,,,,,,,,,,,,,,,,,,,,,,,,,
,92,0.09590063244104385,8497818.0,0.09590063244104385,-0.38666483759880066,-0.3930860757827759,-0.37167567014694214,nan,6.026843493600609e-06,1.0,849.6859130859375,0.8920612335205078,848.7938232421875,1.0,0.09596515446901321,0.09590063244104385,92.0,0.004000000189989805,0.019999999552965164,0.0,0.0,0.0010000000474974513,0.0010000000474974513,4.216000080108643,4.216000080108643,0.0,0.30000001192092896,92,,,,,,,,,,,,,
,92,,,,,,,,,,,,,,,,,,,,,,,,,,,92,0.09366588294506073,8350745.0,0.09366588294506073,-0.3902781307697296,-0.37580057978630066,-0.3920597434043884,nan,6.026887604093645e-06,1.0,834.9808349609375,2.242048978805542,832.73876953125,1.0
0.004,93,,,,,,,,,,,,,,,,,,,,,,,,,,,,,,,,,,,,,,,,
,93,0.0960128903388977,8644097.0,0.0960128903388977,-0.39461472630500793,-0.40974244475364685,-0.37250271439552307,nan,6.026722076057922e-06,1.0,864.3136596679688,1.027273416519165,863.286376953125,1.0,0.09599857032299042,0.0960128903388977,93.0,0.004000000189989805,0.019999999552965164,0.0,0.0,0.0010000000474974513,0.0010000000474974513,4.314000129699707,4.314000129699707,0.0,0.30000001192092896,93,,,,,,,,,,,,,
,93,,,,,,,,,,,,,,,,,,,,,,,,,,,93,0.0937381386756897,8679748.0,0.0937381386756897,-0.4031326174736023,-0.3978768289089203,-0.3781149089336395,nan,6.026843493600609e-06,1.0,867.8810424804688,2.6047348976135254,865.2763061523438,1.0
0.004,94,,,,,,,,,,,,,,,,,,,,,,,,,,,,,,,,,,,,,,,,
,94,0.09604451060295105,8915026.0,0.09604451060295105,-0.396976113319397,-0.41379329562187195,-0.37287625670433044,nan,6.0264842431934085e-06,1.0,891.4065551757812,0.962378740310669,890.4441528320312,1.0,0.09603072702884674,0.09604451060295105,94.0,0.004000000189989805,0.019999999552965164,0.0,0.0,0.0010000000474974513,0.0010000000474974513,4.4120001792907715,4.4120001792907715,0.0,0.30000001192092896,94,,,,,,,,,,,,,
,94,,,,,,,,,,,,,,,,,,,,,,,,,,,94,0.09409844875335693,8743212.0,0.09409844875335693,-0.3957279324531555,-0.3768925070762634,-0.3832234740257263,nan,6.026722530805273e-06,1.0,874.22705078125,2.3827173709869385,871.8443603515625,1.0
0.004,95,,,,,,,,,,,,,,,,,,,,,,,,,,,,,,,,,,,,,,,,
,95,0.09586681425571442,8946295.0,0.09586681425571442,-0.38282981514930725,-0.3846690356731415,-0.3797990381717682,nan,6.02634645474609e-06,1.0,894.5335693359375,0.7923539876937866,893.7412719726562,1.0,0.09591598808765411,0.09586681425571442,95.0,0.004000000189989805,0.019999999552965164,0.0,0.0,0.0010000000474974513,0.0010000000474974513,4.510000228881836,4.510000228881836,0.0,0.30000001192092896,95,,,,,,,,,,,,,
,95,,,,,,,,,,,,,,,,,,,,,,,,,,,95,0.09415237605571747,8960038.0,0.09415237605571747,-0.41054463386535645,-0.3905431926250458,-0.38115593791007996,nan,6.0264842431934085e-06,1.0,895.9096069335938,2.9968795776367188,892.9127197265625,1.0
0.004,96,,,,,,,,,,,,,,,,,,,,,,,,,,,,,,,,,,,,,,,,
,96,0.0961749479174614,9025005.0,0.0961749479174614,-0.40399378538131714,-0.43657153844833374,-0.37881410121917725,nan,6.026170922268648e-06,1.0,902.4043579101562,0.9087467193603516,901.49560546875,1.0,0.09609726071357727,0.0961749479174614,96.0,0.004000000189989805,0.019999999552965164,0.0,0.0,0.0010000000474974513,0.0010000000474974513,4.607999801635742,4.607999801635742,0.0,0.30000001192092896,96,,,,,,,,,,,,,
,96,,,,,,,,,,,,,,,,,,,,,,,,,,,96,0.09405456483364105,9126909.0,0.09405456483364105,-0.4135831296443939,-0.41141805052757263,-0.3896276354789734,nan,6.026345999998739e-06,1.0,912.5968017578125,2.186382532119751,910.410400390625,1.0
0.004,97,,,,,,,,,,,,,,,,,,,,,,,,,,,,,,,,,,,,,,,,
,97,0.09617515653371811,9156519.0,0.09617515653371811,-0.40705403685569763,-0.42503148317337036,-0.3782820403575897,nan,6.025946731824661e-06,1.0,915.5557250976562,1.0686873197555542,914.487060546875,1.0,0.09615179151296616,0.09617515653371811,97.0,0.004000000189989805,0.019999999552965164,0.0,0.0,0.0010000000474974513,0.0010000000474974513,4.705999851226807,4.705999851226807,0.0,0.30000001192092896,97,,,,,,,,,,,,,
,97,,,,,,,,,,,,,,,,,,,,,,,,,,,97,0.09416407346725464,9328173.0,0.09416407346725464,-0.3973439037799835,-0.38679397106170654,-0.39588862657546997,nan,6.026170922268648e-06,1.0,932.7230834960938,2.5564894676208496,930.1665649414062,1.0
0.004,98,,,,,,,,,,,,,,,,,,,,,,,,,,,,,,,,,,,,,,,,
,98,0.09647542983293533,9392723.0,0.09647542983293533,-0.43285951018333435,-0.4542838931083679,-0.37791457772254944,nan,6.02574618824292e-06,1.0,939.1758422851562,0.9706672430038452,938.2052612304688,1.0,0.09637834131717682,0.09647542983293533,98.0,0.004000000189989805,0.019999999552965164,0.0,0.0,0.0010000000474974513,0.0010000000474974513,4.803999900817871,4.803999900817871,0.0,0.30000001192092896,98,,,,,,,,,,,,,
,98,,,,,,,,,,,,,,,,,,,,,,,,,,,98,0.09344786405563354,9402986.0,0.09344786405563354,-0.41776013374328613,-0.41857823729515076,-0.38725608587265015,nan,6.0259471865720116e-06,1.0,940.2051391601562,2.837993860244751,937.3671264648438,1.0
0.004,99,,,,,,,,,,,,,,,,,,,,,,,,,,,,,,,,,,,,,,,,
,99,0.09600584208965302,9871342.0,0.09600584208965302,-0.3937148153781891,-0.4059753715991974,-0.3764067590236664,nan,6.025514267093968e-06,1.0,987.0382080078125,0.8584349751472473,986.1797485351562,1.0,0.09611759334802628,0.09600584208965302,99.0,0.004000000189989805,0.019999999552965164,0.0,0.0,0.0010000000474974513,0.0010000000474974513,4.9019999504089355,4.9019999504089355,0.0,0.30000001192092896,99,,,,,,,,,,,,,
,99,,,,,,,,,,,,,,,,,,,,,,,,,,,99,0.09394746273756027,9702248.0,0.09394746273756027,-0.39623937010765076,-0.3840177357196808,-0.3816486597061157,nan,6.02574618824292e-06,1.0,970.130859375,2.6093909740448,967.521484375,1.0
